,Costal,Blue,Green,Red,NIR,SWIR1,SWIR2,Longitude,Latitude,x,y,AOI,Target,Prediction
19,11734.0,10606.0,9587.0,8391.0,17650.0,10976.0,7526.0,-75.44678610481527,0.463298652380629,7200.0,4307.0,putumayo_20160311,coca,bosque
84,10728.0,9962.0,9576.0,9427.0,17842.0,15253.0,10236.0,-72.73652067206682,1.9799342938775335,2080.0,3780.0,guaviare_20160125,coca,cana
119,10970.0,9933.0,9326.0,7915.0,25723.0,14862.0,9007.0,-75.30806236175377,1.6890135174169498,5950.0,5915.0,caqueta_20160311,coca,bosque
231,9978.0,8867.0,7938.0,6873.0,18831.0,11465.0,7316.0,-72.32695231185544,2.0903440718931834,5018.0,2961.0,guaviare_20160820,coca,bosque
241,9639.0,8607.0,8141.0,7013.0,19154.0,12395.0,7869.0,-71.99222464959819,1.1313323648875986,7513.0,10033.0,guaviare_20160820,coca,cana
281,12007.0,10905.0,9720.0,8633.0,17360.0,11251.0,7751.0,-75.29567259824836,0.4710419669534381,8321.0,4250.0,putumayo_20160311,coca,bosque
298,11653.0,10844.0,10639.0,10700.0,18637.0,18509.0,13260.0,-75.02282992095226,1.0185001807562069,8065.0,10856.0,caqueta_20160311,coca,cana
329,10047.0,9056.0,8317.0,7286.0,19494.0,11543.0,7502.0,-72.18992785547371,1.466598991583364,6142.0,7561.0,guaviare_20160125,coca,bosque
347,12540.0,11381.0,10339.0,9175.0,19146.0,12079.0,8274.0,-75.35014805318708,0.7081195698332294,7917.0,2503.0,putumayo_20160311,coca,bosque
538,9695.0,8572.0,7670.0,6604.0,16650.0,10009.0,6801.0,-72.1448334350531,2.1422038338539573,6369.0,2576.0,guaviare_20160820,coca,bosque
564,11581.0,10412.0,9203.0,8046.0,14134.0,8712.0,6475.0,-75.26196292281548,1.8453547638975587,6292.0,4763.0,caqueta_20160311,coca,bosque
578,11878.0,10806.0,9675.0,8605.0,16918.0,10997.0,7737.0,-74.89948215139954,0.2725046457117788,11260.0,5713.0,putumayo_20160311,coca,bosque
585,11582.0,10481.0,9373.0,8254.0,16577.0,12043.0,8229.0,-75.23971668043995,1.8984193793831332,6457.0,4372.0,caqueta_20160311,coca,bosque
667,12788.0,11852.0,10751.0,9817.0,17600.0,11142.0,8325.0,-71.62288495963585,2.1461479503730585,10344.0,2539.0,guaviare_20160125,coca,bosque
682,9516.0,8438.0,7599.0,6467.0,16562.0,9893.0,6665.0,-72.09788297689886,1.4080656230941717,6726.0,7992.0,guaviare_20160820,coca,bosque
723,13463.0,12372.0,11271.0,10163.0,18077.0,11476.0,8429.0,-75.31308008397029,0.7729903946482504,8192.0,2025.0,putumayo_20160311,coca,bosque
772,10004.0,8981.0,8159.0,7091.0,17716.0,10610.0,7029.0,-72.17480315320245,1.3894558465079523,6255.0,8130.0,guaviare_20160125,coca,bosque
849,10261.0,9381.0,9186.0,8545.0,17872.0,14801.0,9605.0,-72.42257363277388,2.200587785665774,4307.0,2149.0,guaviare_20160820,coca,bosque
893,9842.0,8751.0,8079.0,7013.0,15829.0,10386.0,7024.0,-71.44000375790444,2.216297142078319,11601.0,2018.0,guaviare_20160820,coca,bosque
909,9773.0,8724.0,8191.0,6770.0,23486.0,14095.0,8156.0,-72.29813961139494,2.230324123299299,5230.0,1928.0,guaviare_20160820,coca,bosque
939,11893.0,10795.0,9563.0,8407.0,18026.0,11505.0,7670.0,-76.0108871118884,0.36771562691358656,3015.0,5011.0,putumayo_20160311,coca,bosque
1029,9855.0,8745.0,8053.0,6781.0,23559.0,13233.0,7711.0,-72.27598944237047,2.108284596960648,5396.0,2828.0,guaviare_20160820,coca,bosque
1037,10136.0,9054.0,8180.0,7051.0,17706.0,10290.0,6903.0,-72.38339380563524,1.8419472938329116,4702.0,4794.0,guaviare_20160125,coca,bosque
1044,12746.0,11779.0,10247.0,9181.0,14030.0,8519.0,6963.0,-75.28030449328959,1.8412807516187368,6156.0,4793.0,caqueta_20160311,coca,bosque
1136,9748.0,8692.0,7810.0,6688.0,17636.0,10668.0,7092.0,-72.12127433163603,1.9824980833742902,6546.0,3754.0,guaviare_20160820,coca,bosque
1140,10848.0,9691.0,8372.0,7332.0,10780.0,6808.0,5786.0,-75.48903455349593,1.6702490875998475,4608.0,6053.0,caqueta_20160311,coca,bosque
1207,11456.0,10359.0,9245.0,8092.0,15881.0,10797.0,7365.0,-75.25777763378794,1.8149570254149328,6323.0,4987.0,caqueta_20160311,coca,bosque
1243,9723.0,8704.0,8231.0,6980.0,22053.0,13327.0,8092.0,-72.11179497582862,1.582517169267669,6621.0,6705.0,guaviare_20160820,coca,cana
1245,11644.0,10517.0,9381.0,8220.0,18772.0,11323.0,7502.0,-75.91113824461164,0.2769482298820889,3755.0,5680.0,putumayo_20160311,coca,bosque
1289,9784.0,8705.0,8114.0,6881.0,18483.0,11226.0,7133.0,-71.43291755727478,2.137993448852903,11655.0,2596.0,guaviare_20160820,coca,bosque
1420,9705.0,8629.0,7860.0,6797.0,18011.0,11087.0,7128.0,-72.40981333656813,1.2822204797096821,4411.0,8923.0,guaviare_20160820,coca,bosque
1575,10578.0,9714.0,9304.0,9018.0,18161.0,15420.0,10219.0,-71.79907019342173,1.4270476413190523,9045.0,7849.0,guaviare_20160125,coca,cana
1587,11840.0,10664.0,9478.0,8422.0,16352.0,10421.0,7391.0,-75.37790071060229,0.43331151820360275,7711.0,4528.0,putumayo_20160311,coca,bosque
1631,10198.0,9174.0,8255.0,7273.0,18725.0,11369.0,7431.0,-72.40511927465734,1.818390351455033,4541.0,4968.0,guaviare_20160125,coca,bosque
1646,10925.0,10010.0,9365.0,8703.0,17834.0,14346.0,9520.0,-72.44552641400188,2.175275489710977,4237.0,2336.0,guaviare_20160125,coca,bosque
1837,9575.0,8510.0,7707.0,6657.0,18902.0,10033.0,6793.0,-72.01203882651703,1.5562188985666512,7362.0,6898.0,guaviare_20160820,coca,bosque
1856,9797.0,8699.0,7853.0,6693.0,17918.0,11206.0,7093.0,-72.4128555818821,1.8723581206273572,4383.0,4570.0,guaviare_20160820,coca,bosque
1882,10281.0,9204.0,8451.0,7157.0,24735.0,13555.0,8068.0,-72.61517365109086,1.9228152698320589,2881.0,4200.0,guaviare_20160820,coca,bosque
1962,10391.0,9437.0,9024.0,7895.0,20855.0,13271.0,8328.0,-72.47915178881017,1.9609866426202507,3990.0,3917.0,guaviare_20160125,coca,bosque
2072,9466.0,8468.0,7664.0,6641.0,14962.0,10405.0,7031.0,-71.93699207665748,1.0282833866045988,7924.0,10793.0,guaviare_20160820,coca,bosque
2097,9809.0,8755.0,8144.0,7034.0,19304.0,11645.0,7521.0,-72.04975062595382,1.901868022128498,7078.0,4348.0,guaviare_20160820,coca,bosque
2134,9790.0,8762.0,8266.0,6946.0,18268.0,10135.0,6748.0,-71.61784862661199,2.170521432579439,10281.0,2359.0,guaviare_20160820,coca,bosque
2143,11684.0,10525.0,9376.0,8197.0,18973.0,11447.0,7478.0,-75.97920683838973,0.30611605486749593,3250.0,5465.0,putumayo_20160311,coca,bosque
2229,9571.0,8517.0,7614.0,6625.0,15760.0,10019.0,6794.0,-71.9934878602231,1.5328827504511224,7500.0,7070.0,guaviare_20160820,coca,bosque
2266,10616.0,9652.0,9268.0,8030.0,19896.0,13275.0,8625.0,-75.31360114504128,1.7480449262448678,5909.0,5480.0,caqueta_20160311,coca,bosque
2340,9626.0,8595.0,8126.0,6821.0,20227.0,11707.0,7390.0,-71.87938505324351,1.4730955137674575,8348.0,7510.0,guaviare_20160820,coca,bosque
2343,12712.0,11627.0,10335.0,9187.0,19291.0,11640.0,8015.0,-75.2656291429238,0.8162844932692483,8544.0,1706.0,putumayo_20160311,coca,bosque
2405,10437.0,9436.0,8644.0,7565.0,17653.0,10634.0,7188.0,-71.53376290633243,2.1378196881851177,11006.0,2599.0,guaviare_20160125,coca,bosque
2546,10772.0,9954.0,9543.0,9255.0,17148.0,15385.0,10374.0,-72.61517365109086,1.9228152698320589,2981.0,4200.0,guaviare_20160125,coca,bosque
2652,11198.0,10093.0,8967.0,7793.0,16941.0,10610.0,7219.0,-75.89940855309175,0.22864247840203988,3842.0,6036.0,putumayo_20160311,coca,bosque
2671,10831.0,9855.0,9185.0,8102.0,15954.0,11641.0,8152.0,-75.29850155203079,1.778852792143268,6021.0,5253.0,caqueta_20160311,coca,bosque
2751,10335.0,9259.0,8455.0,7456.0,16466.0,10969.0,7274.0,-71.70916209574078,1.3127069249625933,9714.0,8692.0,guaviare_20160125,coca,bosque
2818,11449.0,10282.0,9367.0,8180.0,19760.0,12504.0,8057.0,-75.46073757018388,1.083876846512952,4817.0,10374.0,caqueta_20160311,coca,bosque
2829,11648.0,10532.0,9326.0,8169.0,16400.0,10687.0,7360.0,-76.17411992376672,0.46945622786138314,1804.0,4261.0,putumayo_20160311,coca,bosque
2839,9797.0,8738.0,8038.0,6863.0,17882.0,11289.0,7403.0,-72.41184764943678,1.7272975041249303,4392.0,5640.0,guaviare_20160820,coca,bosque
2841,9870.0,8779.0,8265.0,6856.0,21230.0,11872.0,7343.0,-72.43850247310878,1.9317765639027502,4192.0,4132.0,guaviare_20160820,coca,bosque
2980,11525.0,10421.0,9199.0,8079.0,16379.0,10708.0,7348.0,-75.9974131837815,0.4053029903126046,3115.0,4734.0,putumayo_20160311,coca,bosque
3042,9700.0,8629.0,7854.0,6708.0,18099.0,11020.0,7133.0,-72.36368226226594,1.7772540046377323,4749.0,5271.0,guaviare_20160820,coca,bosque
3127,10109.0,9120.0,8144.0,7185.0,13572.0,9326.0,6876.0,-72.4737861362124,1.421657310092945,4035.0,7895.0,guaviare_20160125,coca,bosque
3309,12246.0,11131.0,9962.0,8589.0,20959.0,11936.0,7751.0,-75.18218286778333,0.8894361661644612,9163.0,1167.0,putumayo_20160311,coca,bosque
3342,12188.0,11051.0,9907.0,8613.0,19788.0,12009.0,7917.0,-75.18420470242718,0.8810221273377897,9148.0,1229.0,putumayo_20160311,coca,bosque
3410,9583.0,8497.0,7653.0,6620.0,17122.0,10770.0,6954.0,-72.21296767382665,1.345584106477207,5872.0,8454.0,guaviare_20160820,coca,bosque
3455,10478.0,9633.0,9690.0,10194.0,18850.0,17634.0,11403.0,-72.49666857009227,2.1349595680941964,3758.0,2634.0,guaviare_20160820,coca,cana
3522,12495.0,11362.0,10189.0,9071.0,18983.0,11713.0,8019.0,-75.45625190616973,0.8031038769384503,7130.0,1803.0,putumayo_20160311,coca,bosque
3523,10938.0,10103.0,9574.0,9034.0,17282.0,13106.0,9001.0,-72.411608253954,2.1506793769197374,4489.0,2517.0,guaviare_20160125,coca,cana
3549,9638.0,8762.0,8241.0,6919.0,17220.0,12923.0,8427.0,-72.54276079670699,2.2170617961329366,3415.0,2029.0,guaviare_20160820,coca,cana
3576,9999.0,9002.0,8218.0,7109.0,20468.0,10977.0,7120.0,-71.91886513380474,1.5483597507543954,8154.0,6955.0,guaviare_20160125,coca,bosque
3687,10553.0,9589.0,8810.0,8145.0,15777.0,15138.0,9932.0,-72.38518442736692,1.9063439325132,4688.0,4319.0,guaviare_20160125,coca,bosque
3746,10899.0,9868.0,8836.0,7778.0,18310.0,10286.0,7211.0,-71.85198383847775,2.266694916461993,8641.0,1653.0,guaviare_20160125,coca,bosque
3775,12553.0,11475.0,10329.0,9142.0,19639.0,11977.0,8151.0,-75.37023948313524,0.7676932080430857,7768.0,2064.0,putumayo_20160311,coca,bosque
3794,10900.0,9815.0,8935.0,7675.0,18720.0,11951.0,7848.0,-75.32370498463075,1.6839898245778688,5834.0,5952.0,caqueta_20160311,coca,bosque
3862,10356.0,9499.0,9244.0,8835.0,19029.0,12992.0,8620.0,-72.54829475573584,2.0414909017861316,3376.0,3324.0,guaviare_20160820,coca,cana
3947,11597.0,10416.0,9486.0,8246.0,21505.0,10703.0,7464.0,-75.14459098036176,1.3403980100308637,7162.0,8484.0,caqueta_20160311,coca,bosque
3953,9686.0,8581.0,7749.0,6708.0,16538.0,10601.0,6876.0,-72.45895227326157,1.3084360091385496,4046.0,8730.0,guaviare_20160820,coca,bosque
4123,12596.0,11443.0,10289.0,9173.0,18316.0,11368.0,8023.0,-75.33370106213538,0.7040495754876136,8039.0,2533.0,putumayo_20160311,coca,bosque
4127,10287.0,9321.0,8665.0,7531.0,19435.0,11391.0,7460.0,-71.81414483726353,1.524491734728306,8932.0,7130.0,guaviare_20160125,coca,bosque
4146,10210.0,9171.0,8626.0,7007.0,27099.0,14069.0,8003.0,-72.35983993798187,1.8259158200717887,4877.0,4912.0,guaviare_20160125,coca,bosque
4209,10668.0,9505.0,8939.0,8075.0,16947.0,12248.0,8275.0,-72.00664458180286,0.810293381104204,7408.0,12402.0,guaviare_20160820,coca,bosque
4215,10769.0,9857.0,9156.0,8529.0,11949.0,13912.0,12465.0,-75.83753394206398,1.4561411333305292,2023.0,7630.0,caqueta_20160311,coca,bosque
4218,9770.0,8711.0,8136.0,6813.0,22184.0,12488.0,7661.0,-72.38573996118116,1.8033143292937686,4585.0,5079.0,guaviare_20160820,coca,bosque
4293,10771.0,9955.0,9771.0,9106.0,19763.0,14781.0,9539.0,-72.42987093985408,2.1082767849121486,4354.0,2830.0,guaviare_20160125,coca,bosque
4299,11924.0,10786.0,9479.0,8445.0,14636.0,10624.0,7272.0,-75.98129016393779,0.7130488477798026,3235.0,2466.0,putumayo_20160311,coca,bosque
4309,10593.0,9528.0,8666.0,7316.0,20338.0,12287.0,7806.0,-75.330451276644,1.704344622592978,5784.0,5802.0,caqueta_20160311,coca,bosque
4416,9710.0,8850.0,9212.0,7810.0,22985.0,12353.0,7163.0,-71.93233302478069,1.4499967929418138,7955.0,7681.0,guaviare_20160820,coca,cana
4597,11934.0,10855.0,9724.0,8597.0,18118.0,11237.0,7735.0,-75.22045030673006,0.42191825366013747,8879.0,4612.0,putumayo_20160311,coca,bosque
4598,12609.0,11564.0,10345.0,9291.0,17723.0,11591.0,8193.0,-75.47350793321472,0.8062231112170535,7002.0,1780.0,putumayo_20160311,coca,bosque
4684,11893.0,11167.0,10183.0,9516.0,16929.0,12264.0,8759.0,-71.93674820167558,1.5664091829935018,7921.0,6822.0,guaviare_20160820,coca,cana
4735,10116.0,9094.0,8308.0,7300.0,17421.0,10935.0,7319.0,-72.392439080242,1.7335068874522315,4636.0,5594.0,guaviare_20160125,coca,bosque
4744,10682.0,9662.0,8921.0,7788.0,19701.0,11545.0,7648.0,-72.24269395778049,2.117036364242398,5743.0,2763.0,guaviare_20160125,coca,bosque
4895,10943.0,9909.0,9252.0,8098.0,19874.0,14857.0,9204.0,-75.91039991484313,1.251489598366567,1482.0,9138.0,caqueta_20160311,coca,bosque
5187,10773.0,9887.0,9416.0,8816.0,18786.0,16351.0,11173.0,-75.31535229145194,1.7356953505638772,5896.0,5571.0,caqueta_20160311,coca,bosque
5194,10785.0,9742.0,8604.0,7816.0,12704.0,10879.0,8384.0,-75.25103117382655,1.7922949032631963,6373.0,5154.0,caqueta_20160311,coca,bosque
5200,10377.0,9383.0,8567.0,7610.0,15876.0,10229.0,7279.0,-72.00476010271193,0.9760363850622955,7521.0,11179.0,guaviare_20160125,coca,bosque
5216,11924.0,10807.0,9679.0,8572.0,18005.0,11396.0,7739.0,-75.35471554460067,0.4506831435663994,7883.0,4400.0,putumayo_20160311,coca,bosque
5239,10485.0,9413.0,8445.0,7521.0,16279.0,11376.0,8113.0,-75.91804587301966,1.5030587694499788,1426.0,7284.0,caqueta_20160311,coca,bosque
5254,9459.0,8394.0,7705.0,6545.0,16916.0,10508.0,6912.0,-71.97986825947557,1.1015051294294578,7605.0,10253.0,guaviare_20160820,coca,bosque
5292,11408.0,10277.0,9235.0,7940.0,19830.0,12598.0,7885.0,-75.25347239609452,1.8889179241602925,6355.0,4442.0,caqueta_20160311,coca,bosque
5322,9791.0,8782.0,8169.0,6890.0,21661.0,12596.0,7679.0,-72.39254053136672,1.4372922068059275,4538.0,7779.0,guaviare_20160820,coca,bosque
5383,10899.0,9803.0,8860.0,7524.0,18113.0,10292.0,6719.0,-75.34057669530407,0.7092059442798326,5708.0,13135.0,caqueta_20160311,coca,bosque
5524,12315.0,11249.0,10049.0,8811.0,19542.0,11456.0,7752.0,-75.45868349036533,0.8468006280437189,7112.0,1481.0,putumayo_20160311,coca,bosque
5568,11915.0,10821.0,9715.0,8543.0,18677.0,11324.0,7660.0,-75.32964148587071,0.4345351531369143,8069.0,4519.0,putumayo_20160311,coca,bosque
5573,10221.0,9156.0,8241.0,7140.0,18188.0,9983.0,6856.0,-72.4563770731697,1.9625788510311737,4159.0,3905.0,guaviare_20160125,coca,bosque
5589,10279.0,9276.0,8759.0,7410.0,20832.0,11421.0,7179.0,-71.75634442859287,1.4612663820461222,9362.0,7596.0,guaviare_20160125,coca,bosque
5605,10977.0,9962.0,9255.0,8233.0,20097.0,14377.0,9176.0,-75.71233281958087,1.6300138031671392,2952.0,6349.0,caqueta_20160311,coca,bosque
5649,9857.0,8897.0,7939.0,6950.0,16410.0,9528.0,6697.0,-72.18926490922833,1.4581943838178015,6147.0,7623.0,guaviare_20160125,coca,bosque
5784,11647.0,10513.0,9619.0,8408.0,17891.0,11630.0,7824.0,-75.17088331775409,1.326689761476665,6967.0,8585.0,caqueta_20160311,coca,bosque
5787,9805.0,8765.0,8375.0,7189.0,15793.0,8870.0,6122.0,-72.40407485664927,1.5925316496938604,4451.0,6634.0,guaviare_20160820,coca,cana
5878,9553.0,8570.0,7736.0,6870.0,16284.0,10939.0,7379.0,-71.94903258258806,1.1055389591654883,7834.0,10223.0,guaviare_20160820,coca,cana
6029,10846.0,9884.0,9193.0,8297.0,16567.0,14973.0,10361.0,-75.90052285780475,1.515006999111777,1556.0,7196.0,caqueta_20160311,coca,bosque
6074,10799.0,9742.0,8953.0,7775.0,19622.0,11771.0,7747.0,-72.0492225816022,2.1905402267715424,7178.0,2218.0,guaviare_20160125,coca,bosque
6108,9964.0,8928.0,8377.0,6953.0,21670.0,10990.0,6767.0,-71.93418722070389,1.4727655962134636,8041.0,7513.0,guaviare_20160125,coca,bosque
6175,10795.0,9850.0,9158.0,8183.0,18186.0,13115.0,8729.0,-72.47149980850416,2.1968759523137984,4044.0,2177.0,guaviare_20160125,coca,bosque
6187,9971.0,8926.0,8109.0,7067.0,17498.0,10695.0,7067.0,-72.64770842781778,1.5495716966406774,2743.0,6953.0,guaviare_20160125,coca,bosque
6209,10618.0,9566.0,8858.0,7705.0,21615.0,12599.0,7970.0,-72.32695231185544,2.0903440718931834,5118.0,2961.0,guaviare_20160125,coca,bosque
6288,10949.0,9916.0,8913.0,7631.0,18084.0,10509.0,6585.0,-74.26088600644496,1.7285202501468948,13715.0,5623.0,caqueta_20160311,coca,bosque
6299,10682.0,9484.0,8636.0,7327.0,21408.0,12497.0,7713.0,-72.72228051067823,2.043918031657704,2085.0,3308.0,guaviare_20160820,coca,bosque
6408,10172.0,9105.0,8183.0,7143.0,19014.0,11181.0,7308.0,-72.36005956564075,1.7668103918121392,4876.0,5348.0,guaviare_20160125,coca,bosque
6424,10430.0,9461.0,8660.0,7674.0,16502.0,11173.0,7904.0,-71.51934732910455,2.2003677329420497,11112.0,2137.0,guaviare_20160125,coca,bosque
6468,9410.0,8353.0,7571.0,6444.0,15549.0,10078.0,6758.0,-71.92586742840386,1.113645653566483,8006.0,10163.0,guaviare_20160820,coca,bosque
6493,10019.0,8998.0,8015.0,7014.0,17378.0,9872.0,6847.0,-72.02250270874869,1.5845584246634878,7384.0,6689.0,guaviare_20160125,coca,bosque
6498,10719.0,9742.0,9122.0,7819.0,20325.0,13276.0,8488.0,-75.39248148106931,1.6826200597167111,5324.0,5962.0,caqueta_20160311,coca,bosque
6519,10606.0,9634.0,8787.0,7913.0,18998.0,12898.0,8513.0,-71.99341083924544,1.5870910066598343,7500.0,6670.0,guaviare_20160820,coca,bosque
6556,10789.0,9904.0,9485.0,8737.0,18628.0,13409.0,8832.0,-72.4329336577612,2.2103668753738908,4330.0,2077.0,guaviare_20160125,coca,bosque
6616,10597.0,9626.0,8729.0,7697.0,18180.0,11800.0,7852.0,-72.34842981790513,2.138369659086515,4958.0,2607.0,guaviare_20160125,coca,bosque
6650,9476.0,8422.0,7741.0,6548.0,17384.0,10307.0,6645.0,-71.65923464576736,1.4015131564678516,9984.0,8036.0,guaviare_20160820,coca,bosque
6706,10361.0,9447.0,8975.0,8500.0,17506.0,15527.0,9945.0,-72.09276662947755,1.4072460032750675,6864.0,7998.0,guaviare_20160125,coca,bosque
6713,10134.0,9136.0,8493.0,7377.0,22061.0,12896.0,7860.0,-72.12250699670572,1.424631856915814,6643.0,7870.0,guaviare_20160125,coca,bosque
6778,10867.0,9854.0,9082.0,8045.0,18225.0,14566.0,9816.0,-75.35769022802496,1.691447671024405,5582.0,5897.0,caqueta_20160311,coca,bosque
6800,11478.0,10358.0,9292.0,8114.0,17300.0,10154.0,7081.0,-75.97207182307183,0.3892946747080726,3303.0,4852.0,putumayo_20160311,coca,bosque
6923,10120.0,9034.0,8335.0,7101.0,19160.0,11737.0,7479.0,-72.55472323352664,1.8836809859145511,3330.0,4488.0,guaviare_20160820,coca,bosque
7007,9948.0,8948.0,8016.0,7003.0,18123.0,10591.0,7039.0,-72.20854294572571,1.4431728324717894,6004.0,7734.0,guaviare_20160125,coca,bosque
7022,9692.0,8659.0,7817.0,6752.0,16785.0,10526.0,6980.0,-71.96768596505423,1.494765629077159,7692.0,7351.0,guaviare_20160820,coca,bosque
7162,10548.0,9546.0,8756.0,7812.0,17921.0,11862.0,7920.0,-72.42674102966814,2.043875588463061,4378.0,3305.0,guaviare_20160125,coca,bosque
7226,9649.0,8562.0,7508.0,6532.0,8794.0,6401.0,5968.0,-71.53862473721324,2.131328687386061,10870.0,2647.0,guaviare_20160820,coca,bosque
7238,12667.0,11558.0,10322.0,9252.0,19270.0,11909.0,8155.0,-75.4613722111729,0.7807119705489444,7092.0,1968.0,putumayo_20160311,coca,bosque
7283,9650.0,8643.0,8174.0,6798.0,24768.0,13140.0,7933.0,-72.24949611715583,1.435767735185663,5600.0,7789.0,guaviare_20160820,coca,bosque
7356,9802.0,8751.0,7830.0,6957.0,16202.0,11034.0,7336.0,-71.99112073999098,1.5876297351655353,7517.0,6666.0,guaviare_20160820,coca,bosque
7405,10721.0,9708.0,9166.0,8188.0,18719.0,12387.0,8252.0,-71.55082267316467,2.1558746863110825,10779.0,2466.0,guaviare_20160820,coca,bosque
7431,10259.0,9211.0,8256.0,7169.0,17413.0,10235.0,6898.0,-72.05865167183792,1.9734424025005253,7111.0,3820.0,guaviare_20160125,coca,bosque
7497,10892.0,9811.0,8725.0,7663.0,16329.0,10427.0,7095.0,-74.505287413138,0.7602167954417225,11904.0,12759.0,caqueta_20160311,coca,bosque
7519,10308.0,9304.0,8475.0,7432.0,17787.0,11218.0,7462.0,-72.41695666368818,1.9233384149312733,4452.0,4194.0,guaviare_20160125,coca,bosque
7537,11458.0,10312.0,9241.0,8090.0,17426.0,11627.0,7908.0,-74.34910864982251,2.01474287870841,13060.0,3514.0,caqueta_20160311,coca,bosque
7593,9711.0,8569.0,7538.0,6472.0,14307.0,9743.0,6677.0,-72.51555162440884,1.855153394445204,3621.0,4698.0,guaviare_20160820,coca,bosque
7640,10253.0,9301.0,8484.0,7463.0,20856.0,12432.0,7730.0,-72.48727575408805,1.8408775972147218,3931.0,4803.0,guaviare_20160125,coca,bosque
7651,9529.0,8474.0,7629.0,6581.0,16519.0,10238.0,6796.0,-71.97472300849854,0.8300552796723193,7645.0,12256.0,guaviare_20160820,coca,bosque
7699,10906.0,9729.0,8696.0,7586.0,15795.0,10368.0,7060.0,-74.46365530725889,1.396659927229938,12212.0,8069.0,caqueta_20160311,coca,bosque
7731,10361.0,9285.0,8299.0,7533.0,13508.0,11158.0,8021.0,-75.306990033759,1.730132768210173,5958.0,5612.0,caqueta_20160311,coca,bosque
7797,9722.0,8653.0,7918.0,6765.0,17808.0,11083.0,7164.0,-72.03575767150872,1.8928991796973897,7182.0,4414.0,guaviare_20160820,coca,bosque
7894,12669.0,11982.0,12281.0,13327.0,19210.0,18183.0,15211.0,-75.14755593886451,1.3156988812745178,7140.0,8666.0,caqueta_20160311,coca,cana
7960,10071.0,9066.0,8069.0,7103.0,18744.0,10901.0,7067.0,-72.29415040684195,1.5946937746029695,5367.0,6617.0,guaviare_20160125,coca,bosque
8010,10237.0,9175.0,8301.0,7217.0,19909.0,11449.0,7393.0,-72.41892359865585,1.8689778754507815,4438.0,4595.0,guaviare_20160125,coca,bosque
8022,10018.0,8913.0,8360.0,6920.0,22679.0,13208.0,7697.0,-72.40675068604581,2.073261567670828,4426.0,3088.0,guaviare_20160820,coca,bosque
8069,10876.0,9919.0,8973.0,7996.0,18877.0,11336.0,7796.0,-71.85535517565732,2.26494075727963,8616.0,1666.0,guaviare_20160125,coca,bosque
8085,10491.0,9803.0,9999.0,9692.0,20017.0,19086.0,12408.0,-72.47403030327277,2.1337021279697783,3926.0,2643.0,guaviare_20160820,coca,cana
8113,9837.0,8760.0,8095.0,6799.0,19736.0,11651.0,7384.0,-72.42724300605127,1.8923083441434827,4276.0,4423.0,guaviare_20160820,coca,bosque
8122,9803.0,8752.0,8030.0,6903.0,15944.0,10673.0,7091.0,-72.38493510632863,1.4908323060858535,4594.0,7384.0,guaviare_20160820,coca,bosque
8162,10452.0,9446.0,8837.0,7578.0,18553.0,11822.0,7841.0,-75.2971459437859,1.734748370265286,6031.0,5578.0,caqueta_20160311,coca,bosque
8231,13163.0,12020.0,11600.0,11141.0,20385.0,15968.0,10575.0,-75.65489974028743,1.664365436172728,3378.0,6096.0,caqueta_20160311,coca,cana
8265,10064.0,9078.0,8452.0,7328.0,16166.0,10048.0,6888.0,-72.09895864006977,1.4094223114738034,6818.0,7982.0,guaviare_20160125,coca,bosque
8370,10042.0,8989.0,8311.0,7074.0,19224.0,12514.0,7808.0,-72.46852555107905,2.2024294496137817,3966.0,2136.0,guaviare_20160820,coca,bosque
8379,9944.0,8822.0,7837.0,6877.0,17222.0,11088.0,7163.0,-72.42575609048629,1.8955598191450949,4287.0,4399.0,guaviare_20160820,coca,bosque
8559,10368.0,9360.0,8554.0,7454.0,17566.0,12129.0,8286.0,-75.35001141048484,1.7356892167895095,5639.0,5571.0,caqueta_20160311,coca,bosque
8565,9510.0,8144.0,6632.0,5228.0,10053.0,5963.0,4317.0,-72.73153713021162,1.9776222174795688,2017.0,3797.0,guaviare_20160820,coca,bosque
8613,12576.0,11528.0,10261.0,9209.0,18566.0,11952.0,8370.0,-75.47067827592943,0.817894056294785,7023.0,1694.0,putumayo_20160311,coca,bosque
8622,13014.0,11952.0,10574.0,9542.0,17266.0,11149.0,8057.0,-75.32549194687947,0.885897858830372,8100.0,1193.0,putumayo_20160311,coca,bosque
8808,13612.0,12619.0,11288.0,10216.0,18047.0,11298.0,8334.0,-75.325893530324,0.8525138563415451,8097.0,1439.0,putumayo_20160311,coca,bosque
8857,9500.0,8425.0,7678.0,6509.0,19601.0,9806.0,6559.0,-72.03720839320971,1.2454924287365265,7178.0,9191.0,guaviare_20160820,coca,bosque
8870,11101.0,9975.0,8938.0,7796.0,17829.0,10758.0,7319.0,-75.42951777813383,-0.059439169307286426,7328.0,8159.0,putumayo_20160311,coca,bosque
8890,11426.0,10293.0,9276.0,8045.0,19537.0,11708.0,7730.0,-74.36516140356969,2.008099966476455,12941.0,3563.0,caqueta_20160311,coca,bosque
8898,10386.0,9385.0,8782.0,7533.0,22439.0,12520.0,7842.0,-72.54324828114667,1.9918598618550596,3514.0,3690.0,guaviare_20160125,coca,bosque
8922,12194.0,11176.0,10128.0,9634.0,7959.0,5412.0,5313.0,-75.10749154356456,0.7883357828574827,9717.0,1912.0,putumayo_20160311,coca,bosque
8965,9890.0,8825.0,8030.0,6980.0,17741.0,10753.0,7329.0,-72.30881823354648,2.1359958032324347,5152.0,2624.0,guaviare_20160820,coca,bosque
8969,11738.0,10692.0,10220.0,9012.0,28200.0,16998.0,10044.0,-72.74390530050125,2.00055599069019,1925.0,3628.0,guaviare_20160820,coca,bosque
9062,11522.0,10334.0,8801.0,7762.0,9822.0,6509.0,5899.0,-75.49990204548934,1.9588869292568722,4528.0,3926.0,caqueta_20160311,coca,bosque
9116,9729.0,8625.0,7875.0,6738.0,17327.0,10693.0,7139.0,-72.46269821745479,1.3337923854269436,4018.0,8543.0,guaviare_20160820,coca,bosque
9123,13320.0,12200.0,11108.0,10004.0,17440.0,11360.0,8368.0,-75.31308639393436,0.8548219511342566,8192.0,1422.0,putumayo_20160311,coca,bosque
9166,10055.0,8998.0,8151.0,6956.0,18148.0,10294.0,6794.0,-72.33736845801262,1.8071750201427412,5044.0,5050.0,guaviare_20160125,coca,bosque
9227,10032.0,8986.0,8144.0,7096.0,17479.0,10553.0,7035.0,-71.96573726990265,1.4420466015475313,7807.0,7740.0,guaviare_20160125,coca,bosque
9397,9904.0,8833.0,7816.0,6684.0,16477.0,8605.0,6068.0,-71.93663569613008,1.5510959628541643,8022.0,6935.0,guaviare_20160125,coca,bosque
9458,10358.0,9328.0,8471.0,7821.0,16551.0,13864.0,9618.0,-75.92288089333509,1.4574645102668065,1390.0,7620.0,caqueta_20160311,coca,bosque
9500,11928.0,10832.0,9693.0,8552.0,18250.0,11562.0,7851.0,-75.3063209527386,0.4438999707303085,8242.0,4450.0,putumayo_20160311,coca,bosque
9509,10105.0,9045.0,8252.0,7182.0,18144.0,11676.0,7704.0,-72.50801366687075,2.119522111445686,3674.0,2748.0,guaviare_20160820,coca,bosque
9585,9741.0,8723.0,8199.0,7012.0,18065.0,11402.0,7345.0,-71.85063682813676,2.266691968281889,8551.0,1653.0,guaviare_20160820,coca,bosque
9660,10347.0,9336.0,8657.0,7466.0,21776.0,12269.0,7736.0,-72.24872123691591,1.8096174957112112,5702.0,5031.0,guaviare_20160125,coca,bosque
9696,14322.0,13294.0,12100.0,10954.0,21520.0,13240.0,9284.0,-75.30756286438167,0.9019128743303779,8233.0,1075.0,putumayo_20160311,coca,bosque
9707,9671.0,8623.0,8080.0,6776.0,21637.0,12426.0,7591.0,-72.24528341025102,1.466668291114755,5631.0,7561.0,guaviare_20160820,coca,bosque
9712,11711.0,10623.0,9750.0,8501.0,19416.0,11851.0,7904.0,-76.15929295196518,0.46063941108217005,1914.0,4326.0,putumayo_20160311,coca,bosque
9768,10752.0,9769.0,9276.0,8319.0,19845.0,13567.0,9944.0,-75.31778402697229,1.7609363201950141,5878.0,5385.0,caqueta_20160311,coca,bosque
9830,9838.0,8772.0,8159.0,6957.0,20236.0,12871.0,7955.0,-71.85697462607878,2.2001739788067214,8505.0,2144.0,guaviare_20160820,coca,bosque
9924,11749.0,10651.0,9729.0,8495.0,18544.0,11661.0,7800.0,-75.1760623469838,1.9580026786990208,6929.0,3933.0,caqueta_20160311,coca,bosque
10030,9791.0,8716.0,8252.0,6790.0,25696.0,13796.0,8117.0,-72.0801488916342,2.221095644601491,6848.0,1993.0,guaviare_20160820,coca,bosque
10053,12259.0,11150.0,9927.0,8891.0,17093.0,10997.0,7741.0,-75.35499591440308,0.6352445953733606,7881.0,3040.0,putumayo_20160311,coca,bosque
10194,10714.0,9745.0,8892.0,7714.0,20009.0,11888.0,7808.0,-72.38837635109074,2.1820909206600514,4661.0,2285.0,guaviare_20160125,coca,bosque
10207,9676.0,8758.0,8273.0,7310.0,21210.0,11862.0,7324.0,-71.74031666246569,1.4662560699329676,9381.0,7559.0,guaviare_20160820,coca,cana
10233,10283.0,9421.0,9029.0,8472.0,18416.0,15126.0,9796.0,-72.46482121081304,2.078372484325526,3995.0,3051.0,guaviare_20160820,coca,cana
10395,10405.0,9444.0,9049.0,7699.0,18108.0,11451.0,7698.0,-75.94793394126837,1.3972075973553244,1204.0,8064.0,caqueta_20160311,coca,bosque
10411,10160.0,9111.0,8237.0,7195.0,16645.0,9925.0,6881.0,-71.6802889191641,1.362118659114277,9928.0,8327.0,guaviare_20160125,coca,bosque
10525,12594.0,11476.0,10632.0,9439.0,16524.0,10875.0,7978.0,-75.32750747090586,0.8059661527244698,8085.0,1782.0,putumayo_20160311,coca,bosque
10556,10172.0,9117.0,8274.0,7285.0,17222.0,10574.0,7358.0,-72.67476196720479,1.8022175569915286,2540.0,5090.0,guaviare_20160125,coca,bosque
10581,12172.0,11060.0,9899.0,8747.0,17962.0,11163.0,7708.0,-75.33368624193966,0.44959848551588905,8039.0,4408.0,putumayo_20160311,coca,bosque
10637,10863.0,9784.0,8629.0,7600.0,14512.0,9654.0,6976.0,-75.46746388983992,1.6949524951996162,4768.0,5871.0,caqueta_20160311,coca,bosque
10643,11609.0,10439.0,9473.0,8264.0,19443.0,12270.0,7992.0,-75.92946943602266,0.28196738975020985,3619.0,5643.0,putumayo_20160311,coca,bosque
10678,10330.0,9497.0,9188.0,8735.0,18450.0,15346.0,9884.0,-72.10286568754229,1.408071864827293,6789.0,7992.0,guaviare_20160125,coca,bosque
10719,10305.0,9251.0,8749.0,7368.0,25301.0,11280.0,7511.0,-72.58534043279906,1.8628435307562237,3103.0,4642.0,guaviare_20160820,coca,bosque
10738,9729.0,8616.0,7886.0,6676.0,18184.0,11005.0,7128.0,-72.16481403714364,2.1198769035687435,6221.0,2741.0,guaviare_20160820,coca,bosque
10760,10586.0,9712.0,9225.0,8949.0,17574.0,16851.0,11025.0,-72.35401363700205,1.8484106451718485,4920.0,4746.0,guaviare_20160125,coca,bosque
10761,10147.0,9118.0,8102.0,7169.0,14396.0,9097.0,6606.0,-75.94873525238638,1.3780749538523878,1198.0,8205.0,caqueta_20160311,coca,bosque
10852,9400.0,8295.0,7483.0,6436.0,14277.0,8688.0,6480.0,-71.58770246601244,1.0158699403243292,10519.0,10882.0,guaviare_20160820,coca,cana
10855,10564.0,9567.0,8879.0,7661.0,18215.0,11251.0,7528.0,-72.40675090683362,2.0731259996609324,4526.0,3089.0,guaviare_20160125,coca,bosque
10857,9839.0,8740.0,8097.0,6872.0,20624.0,12624.0,7725.0,-72.1421353914656,2.1440963082129603,6389.0,2562.0,guaviare_20160820,coca,bosque
10858,11768.0,10637.0,9756.0,8345.0,23299.0,13779.0,8481.0,-76.16535768063753,0.45901023883933256,1869.0,4338.0,putumayo_20160311,coca,bosque
10881,12521.0,11469.0,10192.0,9137.0,17280.0,11143.0,7882.0,-75.32696672473301,0.7869671858877648,8089.0,1922.0,putumayo_20160311,coca,bosque
10934,10350.0,9388.0,8408.0,7583.0,14823.0,10450.0,7465.0,-71.88767578233808,1.5137594533060708,8386.0,7210.0,guaviare_20160125,coca,bosque
11005,11643.0,10453.0,9411.0,8465.0,14206.0,7856.0,5988.0,-75.9624934739471,0.3039465319953655,3374.0,5481.0,putumayo_20160311,coca,bosque
11029,12698.0,11541.0,10309.0,9224.0,17969.0,11373.0,8000.0,-75.34313811735055,0.7098842890872783,7969.0,2490.0,putumayo_20160311,coca,bosque
11070,10675.0,9751.0,9367.0,8322.0,19448.0,14775.0,9339.0,-75.30577915196606,1.7479105175306464,5967.0,5481.0,caqueta_20160311,coca,bosque
11084,10582.0,9640.0,9166.0,8203.0,17453.0,13737.0,9165.0,-75.29916504530362,1.7103208594811894,6016.0,5758.0,caqueta_20160311,coca,bosque
11088,12059.0,10933.0,9783.0,8663.0,18358.0,11369.0,7745.0,-75.29068323778915,0.4303298193525031,8358.0,4550.0,putumayo_20160311,coca,bosque
11164,11868.0,10751.0,9866.0,8751.0,18833.0,11387.0,7875.0,-75.4796806732405,0.5071291444039807,6956.0,3984.0,putumayo_20160311,coca,bosque
11172,10857.0,9866.0,9291.0,8094.0,20412.0,14099.0,8942.0,-75.29580358231564,1.7745106187089075,6041.0,5285.0,caqueta_20160311,coca,bosque
11190,10211.0,9179.0,8305.0,7515.0,15047.0,10882.0,7553.0,-71.69967054795367,1.3640422343234848,9784.0,8313.0,guaviare_20160125,coca,bosque
11244,10635.0,9616.0,8806.0,7617.0,22067.0,12659.0,7973.0,-72.3700120696884,2.2034778698880646,4797.0,2127.0,guaviare_20160125,coca,bosque
11259,11928.0,10751.0,9718.0,8611.0,18148.0,11630.0,7887.0,-75.65747206036352,0.4027596427565236,5637.0,4753.0,putumayo_20160311,coca,bosque
11275,10166.0,9120.0,8621.0,7050.0,20610.0,10301.0,6564.0,-72.36463697353078,1.8619829558660503,4841.0,4646.0,guaviare_20160125,coca,bosque
11295,11886.0,10789.0,9741.0,8617.0,18504.0,11654.0,7954.0,-74.7785656850524,0.20519152308537225,12157.0,6209.0,putumayo_20160311,coca,bosque
11309,11035.0,9909.0,8901.0,7690.0,18287.0,10885.0,7183.0,-75.11088659500632,1.4472024813517164,7412.0,7697.0,caqueta_20160311,coca,bosque
11350,10307.0,9271.0,8523.0,7344.0,20295.0,11127.0,7400.0,-72.26185243843152,2.0235394152570048,5602.0,3453.0,guaviare_20160125,coca,bosque
11367,11990.0,10978.0,10126.0,9325.0,16163.0,11129.0,8453.0,-71.57970198219198,2.1272216795112358,10665.0,2678.0,guaviare_20160125,coca,bosque
11374,9857.0,8803.0,8259.0,6941.0,17888.0,10042.0,6809.0,-72.41817949058621,1.9165617872736835,4343.0,4244.0,guaviare_20160820,coca,bosque
11418,10887.0,10040.0,9641.0,9260.0,16211.0,14608.0,9925.0,-72.48657566756548,2.207747680781788,3932.0,2097.0,guaviare_20160125,coca,cana
11430,11048.0,9915.0,8790.0,7707.0,16484.0,10366.0,7107.0,-75.40976602862916,1.7895519979003685,5196.0,5174.0,caqueta_20160311,coca,bosque
11432,9399.0,8325.0,7559.0,6400.0,17637.0,10122.0,6574.0,-71.92922843068875,1.118256630376563,7981.0,10129.0,guaviare_20160820,coca,bosque
11454,9514.0,8512.0,7600.0,6686.0,16076.0,10660.0,7040.0,-71.95150055189605,1.1905100278958085,7815.0,9596.0,guaviare_20160820,coca,bosque
11562,9985.0,8932.0,8048.0,6934.0,17103.0,10259.0,6885.0,-72.114711369233,1.4122882733349529,6701.0,7961.0,guaviare_20160125,coca,bosque
11605,10164.0,9118.0,8123.0,7046.0,16350.0,9999.0,6972.0,-75.53637284150037,1.6885565080970133,4257.0,5918.0,caqueta_20160311,coca,bosque
11623,11610.0,10443.0,9435.0,8211.0,18695.0,11738.0,7541.0,-75.24416823166112,1.9035756175982992,6424.0,4334.0,caqueta_20160311,coca,bosque
11653,10666.0,9698.0,8940.0,7971.0,17933.0,11157.0,7647.0,-72.04178653334426,1.1183730764289994,7245.0,10129.0,guaviare_20160125,coca,bosque
11664,9909.0,8728.0,7253.0,6494.0,4945.0,4512.0,4862.0,-72.67341819596236,1.7992327186493169,2450.0,5112.0,guaviare_20160820,coca,bosque
11721,11860.0,10736.0,9781.0,8359.0,23339.0,13660.0,8477.0,-75.7462206356204,0.7998041957065506,4979.0,1827.0,putumayo_20160311,coca,bosque
11722,9756.0,8665.0,7959.0,6750.0,20041.0,11477.0,7106.0,-72.39339981266811,1.8170176818868227,4528.0,4978.0,guaviare_20160820,coca,bosque
11774,10842.0,10020.0,9539.0,9361.0,17150.0,14876.0,10097.0,-72.74713959675883,2.0008316682926406,2001.0,3626.0,guaviare_20160125,coca,cana
11816,10116.0,9063.0,8354.0,7234.0,19372.0,11063.0,7238.0,-71.8761711584833,1.3595368578737015,8473.0,8348.0,guaviare_20160125,coca,bosque
11820,10118.0,9028.0,8272.0,7101.0,18356.0,11620.0,7566.0,-72.28779075997588,2.215529464073274,5307.0,2037.0,guaviare_20160820,coca,bosque
11841,10772.0,9809.0,8991.0,8593.0,9069.0,8404.0,7582.0,-75.90590046464804,1.4768753690819316,1516.0,7477.0,caqueta_20160311,coca,cana
11874,11542.0,10407.0,9414.0,8270.0,17287.0,11087.0,7536.0,-75.17128856757624,1.3374106936503234,6964.0,8506.0,caqueta_20160311,coca,bosque
11920,11743.0,10617.0,9471.0,8380.0,17457.0,11426.0,7729.0,-76.01830306867436,0.3925456951945998,2960.0,4828.0,putumayo_20160311,coca,bosque
11926,9953.0,8971.0,8185.0,7109.0,18361.0,10878.0,7161.0,-72.65013143013988,1.551608313772866,2725.0,6938.0,guaviare_20160125,coca,bosque
11986,9710.0,8674.0,7932.0,6743.0,18643.0,10978.0,7090.0,-72.1835023363669,2.0662360892071114,6083.0,3137.0,guaviare_20160820,coca,bosque
12017,10530.0,9507.0,8948.0,7600.0,18654.0,10168.0,6830.0,-71.51469568615538,2.2317825266628986,11146.0,1905.0,guaviare_20160125,coca,bosque
12114,12252.0,11185.0,9964.0,8917.0,16741.0,11035.0,7816.0,-75.3422010052509,0.7940227204198358,7976.0,1870.0,putumayo_20160311,coca,bosque
12124,11891.0,10771.0,9622.0,8525.0,18151.0,11351.0,7715.0,-75.27774268356201,0.4456653110505748,8454.0,4437.0,putumayo_20160311,coca,bosque
12125,10369.0,9459.0,8653.0,7639.0,20276.0,13146.0,8329.0,-71.94890891459103,2.233025113652958,7822.0,1903.0,guaviare_20160820,coca,bosque
12134,10427.0,9418.0,8693.0,7551.0,19249.0,12129.0,7825.0,-72.3278334100035,2.046966458404058,5112.0,3281.0,guaviare_20160125,coca,bosque
12148,10383.0,9378.0,8593.0,7628.0,17229.0,11621.0,7869.0,-72.409816145047,1.9229208149343189,4505.0,4197.0,guaviare_20160125,coca,bosque
12157,9581.0,8467.0,7323.0,6502.0,8769.0,6385.0,5517.0,-72.18316124511428,1.382553152487209,6093.0,8181.0,guaviare_20160820,coca,bosque
12200,10371.0,9403.0,8606.0,7683.0,18003.0,13107.0,8509.0,-75.85357217943692,1.4387662868222657,1904.0,7758.0,caqueta_20160311,coca,bosque
12277,11753.0,10658.0,9467.0,8358.0,17052.0,10974.0,7547.0,-76.04229450656743,0.3938995896996852,2782.0,4818.0,putumayo_20160311,coca,bosque
12303,10456.0,9472.0,9174.0,8733.0,17343.0,17050.0,11332.0,-72.46091847702986,2.0751123953050055,4024.0,3075.0,guaviare_20160820,coca,cana
12358,12655.0,11545.0,10325.0,9267.0,18504.0,11898.0,8290.0,-75.44600133806598,0.755608155293365,7206.0,2153.0,putumayo_20160311,coca,bosque
12371,10196.0,9142.0,8340.0,7256.0,16819.0,9741.0,6910.0,-72.0388140303697,1.2545745422415477,7266.0,9124.0,guaviare_20160125,coca,bosque
12373,10738.0,9776.0,9158.0,8161.0,17808.0,12815.0,8588.0,-75.28150590106145,1.760399359828911,6147.0,5389.0,caqueta_20160311,coca,bosque
12421,10338.0,9317.0,8419.0,7328.0,19989.0,11328.0,7377.0,-72.03857672574071,1.9759815371393716,7260.0,3801.0,guaviare_20160125,coca,bosque
12575,9751.0,8679.0,7842.0,6719.0,18957.0,11072.0,7164.0,-72.40511927465734,1.818390351455033,4441.0,4968.0,guaviare_20160820,coca,bosque
12607,10826.0,10070.0,9824.0,9186.0,18038.0,14276.0,9521.0,-72.51212092140912,2.163185319106489,3743.0,2426.0,guaviare_20160125,coca,bosque
12621,12535.0,11504.0,10132.0,9012.0,17604.0,11135.0,7786.0,-75.3435525920055,0.8350061140198238,7966.0,1568.0,putumayo_20160311,coca,bosque
12688,11692.0,10549.0,9365.0,8195.0,16261.0,10459.0,7373.0,-76.17371849474536,0.48655209524630616,1807.0,4135.0,putumayo_20160311,coca,bosque
12759,9976.0,8857.0,8006.0,6770.0,19715.0,11196.0,7097.0,-72.46740664209568,2.2264242449422516,3974.0,1959.0,guaviare_20160820,coca,bosque
12792,16790.0,15599.0,14284.0,13298.0,21473.0,12436.0,9725.0,-74.8462213870003,0.8175117445649165,11655.0,1697.0,putumayo_20160311,coca,bosque
12871,15350.0,14663.0,14486.0,14008.0,25296.0,20706.0,15729.0,-72.52323411833316,1.8536728457213263,3564.0,4709.0,guaviare_20160820,coca,bosque
12948,10372.0,9435.0,8904.0,7828.0,22580.0,15101.0,9237.0,-72.43039477351084,1.8561155452760056,4353.0,4690.0,guaviare_20160125,coca,bosque
12962,9812.0,8751.0,8171.0,6737.0,23319.0,11822.0,6912.0,-71.81901681764657,2.2509046623396833,8786.0,1769.0,guaviare_20160820,coca,bosque
12972,10159.0,9104.0,8260.0,7187.0,16688.0,9854.0,6866.0,-72.333411483506,1.3122360789971337,5078.0,8701.0,guaviare_20160125,coca,bosque
13023,9710.0,8721.0,8178.0,7259.0,18445.0,13208.0,9164.0,-72.46058531446418,1.4209648550970866,4033.0,7900.0,guaviare_20160820,coca,cana
13027,9914.0,8894.0,8680.0,7230.0,17932.0,9888.0,6903.0,-71.82848436793986,2.232904052262837,8716.0,1902.0,guaviare_20160820,coca,cana
13030,12346.0,11295.0,10047.0,8957.0,17484.0,10913.0,7723.0,-75.36538748121563,0.7814000027576038,7804.0,1963.0,putumayo_20160311,coca,bosque
13111,9822.0,8946.0,8998.0,8029.0,19930.0,14610.0,9093.0,-71.77818535977752,1.439348150296432,9100.0,7758.0,guaviare_20160820,coca,cana
13139,8833.0,7515.0,6901.0,6088.0,13787.0,15556.0,10153.0,-71.53857135137302,2.2138232304115393,10869.0,2038.0,guaviare_20160820,coca,cana
13240,10319.0,9273.0,8485.0,7320.0,20470.0,11430.0,7403.0,-72.25052352349942,2.0304332337451667,5686.0,3402.0,guaviare_20160125,coca,bosque
13265,9794.0,8689.0,8034.0,6780.0,19363.0,11526.0,7159.0,-72.41272073867765,1.9621047442044828,4383.0,3908.0,guaviare_20160820,coca,bosque
13289,10085.0,9046.0,8149.0,7043.0,18559.0,11160.0,7265.0,-75.93161575419637,1.3854090611742527,1325.0,8151.0,caqueta_20160311,coca,bosque
13326,10116.0,9067.0,8300.0,7205.0,19198.0,12692.0,7984.0,-71.8504718393745,2.280648297502638,8552.0,1550.0,guaviare_20160820,coca,bosque
13432,11063.0,9920.0,8862.0,7640.0,17161.0,10264.0,6823.0,-74.84433146222271,0.8806163107069612,9389.0,11872.0,caqueta_20160311,coca,bosque
13452,10276.0,9259.0,8556.0,7388.0,18927.0,11328.0,7179.0,-71.72922926452688,1.499027522468157,9563.0,7317.0,guaviare_20160125,coca,bosque
13507,10201.0,9172.0,8272.0,7193.0,18660.0,10540.0,7002.0,-72.46999321421453,1.958125654792515,4058.0,3938.0,guaviare_20160125,coca,bosque
13556,11082.0,9971.0,8896.0,7751.0,16880.0,10877.0,7254.0,-74.45953077691507,1.1286456131024465,12243.0,10044.0,caqueta_20160311,coca,bosque
13668,10431.0,9389.0,8786.0,7389.0,22637.0,11733.0,7374.0,-72.45628127125731,2.0249426339946694,4159.0,3445.0,guaviare_20160125,coca,bosque
13714,11550.0,10420.0,9322.0,8126.0,18681.0,11637.0,7533.0,-75.97395578966605,0.36202078398987053,3289.0,5053.0,putumayo_20160311,coca,bosque
13762,9946.0,8875.0,8224.0,7049.0,20915.0,13148.0,7961.0,-71.80693124453212,2.295320802986727,8875.0,1441.0,guaviare_20160820,coca,bosque
13769,10437.0,9479.0,8817.0,7821.0,17632.0,13572.0,9227.0,-75.40125198986819,1.7063666692937327,5259.0,5787.0,caqueta_20160311,coca,bosque
13774,12848.0,11823.0,10614.0,9496.0,18033.0,11745.0,8337.0,-75.29461211067071,0.7902265957946396,8329.0,1898.0,putumayo_20160311,coca,bosque
13858,13389.0,11955.0,10974.0,9753.0,21302.0,17880.0,11859.0,-75.76522975486104,0.8103850583855426,4838.0,1749.0,putumayo_20160311,coca,bosque
13893,9809.0,8742.0,7926.0,6982.0,13155.0,8113.0,6089.0,-71.84224068555305,2.224803813516323,8614.0,1962.0,guaviare_20160820,coca,bosque
13915,11790.0,10897.0,10737.0,10729.0,5009.0,7277.0,7837.0,-75.2510966083481,1.1769972371432134,6372.0,9688.0,caqueta_20160311,coca,bosque
13979,10079.0,9079.0,8514.0,7167.0,21045.0,10850.0,6953.0,-71.90996026854502,1.560542629045572,8220.0,6865.0,guaviare_20160125,coca,bosque
13996,10389.0,9322.0,8510.0,7363.0,19501.0,11145.0,7352.0,-72.31327240717096,2.052499854439856,5220.0,3240.0,guaviare_20160125,coca,bosque
14098,10367.0,9396.0,9157.0,7823.0,21823.0,13547.0,8176.0,-72.37149181150562,1.8729740082588653,4790.0,4565.0,guaviare_20160125,coca,bosque
14144,9635.0,8576.0,7820.0,6707.0,17945.0,10675.0,6932.0,-71.96530806949525,0.9811504332487948,7714.0,11141.0,guaviare_20160820,coca,bosque
14169,10587.0,9580.0,8737.0,7581.0,19988.0,11732.0,7512.0,-72.29583742417479,2.236555442409566,5347.0,1882.0,guaviare_20160125,coca,bosque
14214,10439.0,9355.0,8521.0,7321.0,20065.0,11738.0,7723.0,-75.86895636001864,1.4747191228592993,1790.0,7493.0,caqueta_20160311,coca,bosque
14235,9174.0,8056.0,8101.0,6168.0,25449.0,13252.0,7490.0,-71.9348014444011,1.5153177116800007,7936.0,7199.0,guaviare_20160820,coca,bosque
14249,9542.0,8465.0,8333.0,6711.0,22902.0,10973.0,6839.0,-71.68745510868925,1.3386903927243623,9775.0,8500.0,guaviare_20160820,coca,cana
14254,13688.0,13013.0,12613.0,12648.0,20961.0,17953.0,14649.0,-75.56274703055753,0.7735072915458291,6340.0,2021.0,putumayo_20160311,coca,bosque
14263,12445.0,11378.0,10222.0,9096.0,18809.0,11825.0,8155.0,-75.36565740877904,0.7849283525270515,7802.0,1937.0,putumayo_20160311,coca,bosque
14281,10914.0,9947.0,9476.0,8238.0,20613.0,14925.0,9842.0,-75.33907971672771,1.6900939709537453,5720.0,5907.0,caqueta_20160311,coca,bosque
14347,13641.0,12731.0,11557.0,10776.0,19730.0,14753.0,10232.0,-75.28987803042014,1.8279799682706979,6085.0,4891.0,caqueta_20160311,coca,bosque
14433,11674.0,10542.0,9139.0,8049.0,11742.0,7519.0,6300.0,-74.7366428689519,0.18931301884860802,12468.0,6326.0,putumayo_20160311,coca,bosque
14454,10012.0,8999.0,8065.0,7100.0,17523.0,10308.0,6940.0,-71.97760485280344,1.5278460314665492,7718.0,7107.0,guaviare_20160125,coca,bosque
14534,12538.0,11673.0,11424.0,10542.0,26179.0,17097.0,10389.0,-72.5131332384161,1.8501335192630304,3639.0,4735.0,guaviare_20160820,coca,cana
14564,10208.0,9172.0,8332.0,7290.0,17409.0,11191.0,7587.0,-72.38015972243169,1.8423492080798063,4726.0,4791.0,guaviare_20160125,coca,bosque
14615,10212.0,9114.0,8320.0,7060.0,21002.0,12286.0,7754.0,-72.4968882634007,1.9946367851807603,3758.0,3669.0,guaviare_20160820,coca,bosque
14617,10364.0,9318.0,8417.0,7320.0,18933.0,10913.0,7126.0,-72.01413652937055,2.009140634617963,7441.0,3556.0,guaviare_20160125,coca,bosque
14622,10515.0,9483.0,8565.0,7486.0,19370.0,11678.0,7580.0,-72.1774776615923,2.1933642267322226,6226.0,2199.0,guaviare_20160125,coca,bosque
14676,11781.0,10710.0,9981.0,8628.0,23489.0,12297.0,7878.0,-75.4544689238903,0.44959192301980994,7143.0,4408.0,putumayo_20160311,coca,bosque
14716,10076.0,9035.0,8122.0,7015.0,17321.0,10528.0,7029.0,-72.3300140922602,1.7689361329789386,5099.0,5332.0,guaviare_20160125,coca,bosque
14778,12163.0,11003.0,9849.0,8738.0,17865.0,11382.0,7844.0,-75.33112499618808,0.4498700175787446,8058.0,4406.0,putumayo_20160311,coca,bosque
14780,10371.0,9331.0,8405.0,7381.0,17908.0,11278.0,7593.0,-75.84131448800392,1.4703875979965548,1995.0,7525.0,caqueta_20160311,coca,bosque
14835,9957.0,8771.0,8051.0,6997.0,17501.0,10920.0,7082.0,-72.28941236262855,2.0593726592476735,5297.0,3189.0,guaviare_20160820,coca,bosque
14880,12512.0,11442.0,10282.0,9211.0,17774.0,11046.0,7935.0,-75.32036178643153,0.7978242865563925,8138.0,1842.0,putumayo_20160311,coca,bosque
15076,9899.0,8925.0,8028.0,7068.0,16444.0,9989.0,6884.0,-72.19034689576466,1.454536034423433,6139.0,7650.0,guaviare_20160125,coca,bosque
15135,12024.0,11112.0,9814.0,8839.0,20314.0,12830.0,8288.0,-75.52005440170517,1.6842184760954848,4378.0,5950.0,caqueta_20160311,coca,bosque
15148,12759.0,11674.0,10406.0,9313.0,18695.0,11387.0,8019.0,-75.29905967284594,0.7727199965889548,8296.0,2027.0,putumayo_20160311,coca,bosque
15174,13419.0,12382.0,11023.0,9987.0,17856.0,11441.0,8292.0,-75.31686089917832,0.8512932493255497,8164.0,1448.0,putumayo_20160311,coca,bosque
15187,10657.0,9640.0,8967.0,7776.0,18411.0,13632.0,8924.0,-75.29188953110636,1.7552409008501024,6070.0,5427.0,caqueta_20160311,coca,bosque
15333,9897.0,8850.0,8188.0,6982.0,19286.0,12288.0,7826.0,-72.06592286713806,2.261183890630812,6953.0,1697.0,guaviare_20160820,coca,bosque
15339,11656.0,10494.0,9409.0,8186.0,18794.0,11767.0,7643.0,-75.99349393802433,0.3072002448746976,3144.0,5457.0,putumayo_20160311,coca,bosque
15353,9531.0,8462.0,8275.0,6632.0,20292.0,10936.0,6930.0,-71.84627089584919,1.5605829304775969,8593.0,6864.0,guaviare_20160820,coca,cana
15383,17078.0,16227.0,14976.0,14522.0,17544.0,12177.0,9171.0,-71.51134982017385,2.22310540477481,11071.0,1969.0,guaviare_20160820,coca,cana
15584,10185.0,9122.0,8300.0,7292.0,19722.0,11804.0,7489.0,-72.20784251533603,1.3520844569427732,6010.0,8406.0,guaviare_20160125,coca,bosque
15619,10311.0,9275.0,8412.0,7275.0,19992.0,11295.0,7324.0,-72.19099326101816,2.019622224185772,6128.0,3481.0,guaviare_20160125,coca,bosque
15643,12815.0,11886.0,10999.0,10862.0,12478.0,9403.0,8023.0,-75.57609764665841,0.807973934127344,6241.0,1767.0,putumayo_20160311,coca,bosque
15648,9898.0,8813.0,7919.0,6739.0,18707.0,11359.0,7057.0,-72.30889013632166,2.1717831191638726,5151.0,2360.0,guaviare_20160820,coca,bosque
15685,10086.0,9066.0,8306.0,7249.0,16674.0,10697.0,7261.0,-72.23094004878787,1.4101263163792401,5838.0,7978.0,guaviare_20160125,coca,bosque
15724,10820.0,9914.0,9181.0,8437.0,18734.0,15368.0,9795.0,-72.53105120766848,2.2074159267064473,3602.0,2100.0,guaviare_20160125,coca,bosque
15762,9862.0,8809.0,8256.0,6902.0,22393.0,12578.0,7639.0,-72.26307337481593,2.1735980524122827,5491.0,2346.0,guaviare_20160820,coca,bosque
15769,9783.0,8687.0,7820.0,6903.0,17079.0,10719.0,7050.0,-72.29415040684195,1.5946937746029695,5267.0,6617.0,guaviare_20160820,coca,bosque
15827,11458.0,10360.0,9287.0,8117.0,17596.0,10887.0,7343.0,-74.84596575839372,0.2600188317296854,11657.0,5805.0,putumayo_20160311,coca,bosque
15839,10159.0,9049.0,8194.0,6977.0,19859.0,12374.0,7625.0,-72.70239597928253,1.7952017208948359,2235.0,5142.0,guaviare_20160820,coca,bosque
15871,10547.0,9547.0,8621.0,7385.0,21872.0,11576.0,7364.0,-75.32614436142653,1.7544209692213535,5816.0,5433.0,caqueta_20160311,coca,bosque
15922,10175.0,9154.0,8188.0,7138.0,18044.0,10404.0,7009.0,-72.37045592082936,1.8446394182659425,4798.0,4774.0,guaviare_20160125,coca,bosque
15927,11529.0,10374.0,9313.0,8124.0,17624.0,11248.0,7518.0,-75.96533409979243,0.40245740834953214,3353.0,4755.0,putumayo_20160311,coca,bosque
15967,10579.0,9700.0,9117.0,8694.0,16327.0,15482.0,10616.0,-72.0743667334686,1.3671056453247683,7001.0,8294.0,guaviare_20160125,coca,bosque
16037,10189.0,9144.0,8220.0,7109.0,18529.0,10122.0,6789.0,-72.43049997104343,1.876451377227079,4352.0,4540.0,guaviare_20160125,coca,bosque
16044,9661.0,8648.0,7991.0,7027.0,14213.0,10627.0,7554.0,-72.03531823090242,1.1236520345456213,7193.0,10090.0,guaviare_20160820,coca,bosque
16070,14550.0,14128.0,12306.0,12071.0,20309.0,14670.0,11534.0,-71.55224547131756,2.1217417047381937,10769.0,2718.0,guaviare_20160820,coca,cana
16133,10984.0,9844.0,8830.0,7685.0,17271.0,11236.0,7355.0,-74.40204081369383,1.377511057427019,12669.0,8210.0,caqueta_20160311,coca,bosque
16153,10351.0,9355.0,8904.0,7314.0,21445.0,12019.0,7479.0,-75.95359385942203,1.3906921723261862,1162.0,8112.0,caqueta_20160311,coca,bosque
16314,9350.0,8293.0,7480.0,6412.0,16924.0,9447.0,6483.0,-71.5767777558755,1.1563361367843688,10599.0,9845.0,guaviare_20160820,coca,bosque
16398,12464.0,11644.0,10920.0,10287.0,19591.0,16478.0,12509.0,-71.52589765193248,2.1624550393375674,10964.0,2417.0,guaviare_20160820,coca,cana
16436,9580.0,8531.0,7675.0,6692.0,16807.0,10600.0,7138.0,-72.10286552006029,1.4082073990900854,6689.0,7991.0,guaviare_20160820,coca,bosque
16471,10417.0,9364.0,8654.0,7521.0,19038.0,11056.0,7428.0,-71.9949453142567,1.2306724023540563,7592.0,9300.0,guaviare_20160125,coca,bosque
16484,12545.0,11459.0,10205.0,9110.0,18460.0,11283.0,7870.0,-75.39019151006949,0.7689127788958203,7620.0,2055.0,putumayo_20160311,coca,bosque
